Javadoc coverage metrics,Sun, 28 Aug 2022 19:01:03 NZST
Method,JLOC
Main.Main(),0
Main.actionPerformed(ActionEvent),0
Main.loadYaml(),0
Main.main(String[]),0
Main.setHighlight(String),0
TextFieldPanel.TextFieldPanel(),0
TextFieldPanel.addCurrentDate(),0
TextFieldPanel.clearField(),0
TextFieldPanel.openFile(),0
TextFieldPanel.paintComponents(Graphics),0
TextFieldPanel.printText(),0
TextFieldPanel.savePDF(),0
TextFieldPanel.saveToFile(),0
TextFieldPanel.search(String),0

Class,Jf,JLOC,Jm
Main,0.00%,0,0.00%
TextFieldPanel,0.00%,0,0.00%

Package,Jc,Jf,JLOC,Jm
,0.00%,0.00%,0,0.00%

Module,Jc,Jf,JLOC,Jm
Assignment1,0.00%,0.00%,0,0.00%

Project,Jc,Jf,JLOC,Jm
project,0.00%,0.00%,0,0.00%

